domain,label
google.com,0
gtld-servers.net,0
microsoft.com,0
facebook.com,0
cloudflare.com,0
googleapis.com,0
mail.ru,0
youtube.com,0
apple.com,0
amazonaws.com,0
instagram.com,0
dzen.ru,0
gstatic.com,0
twitter.com,0
office.com,0
akamai.net,0
live.com,0
linkedin.com,0
googlevideo.com,0
googletagmanager.com,0
akamaiedge.net,0
amazon.com,0
fbcdn.net,0
akadns.net,0
workers.dev,0
microsoftonline.com,0
e2ro.com,0
windowsupdate.com,0
azure.com,0
wikipedia.org,0
github.com,0
doubleclick.net,0
googleusercontent.com,0
netflix.com,0
bing.com,0
domaincontrol.com,0
ax-msedge.net,0
digicert.com,0
whatsapp.net,0
fastly.net,0
wordpress.org,0
apple-dns.net,0
aaplimg.com,0
t-msedge.net,0
youtu.be,0
office.net,0
googlesyndication.com,0
pinterest.com,0
akam.net,0
icloud.com,0
appsflyersdk.com,0
yahoo.com,0
ripn.net,0
windows.net,0
sharepoint.com,0
trafficmanager.net,0
whatsapp.com,0
goo.gl,0
x.com,0
skype.com,0
cloudfront.net,0
msn.com,0
ntp.org,0
spotify.com,0
tiktok.com,0
gandi.net,0
tiktokcdn.com,0
vimeo.com,0
adobe.com,0
roblox.com,0
dual-s-msedge.net,0
gvt2.com,0
ytimg.com,0
gvt1.com,0
tiktokv.com,0
ln-msedge.net,0
yandex.net,0
qq.com,0
cloudflare.net,0
wa.me,0
pv-cdn.net,0
zoom.us,0
googledomains.com,0
nginx.org,0
google-analytics.com,0
samsung.com,0
nic.ru,0
office365.com,0
bit.ly,0
baidu.com,0
opera.com,0
behindmlm.com,0
cloudflare-dns.com,0
edgekey.net,0
wordpress.com,0
edgesuite.net,0
nginx.com,0
windows.com,0
ui.com,0
cdninstagram.com,0
sentry.io,0
mozilla.org,0
reddit.com,0
a2z.com,0
unity3d.com,0
root-servers.net,0
vedcdnlb.com,0
wac-msedge.net,0
yandex.ru,0
vk.com,0
criteo.com,0
f5.com,0
googleadservices.com,0
blogspot.com,0
amazon-adsystem.com,0
okcdn.ru,0
europa.eu,0
t.me,0
epicgames.com,0
snapchat.com,0
apache.org,0
bytefcdn-oversea.com,0
dns.google,0
dropbox.com,0
gravatar.com,0
github.io,0
spov-msedge.net,0
app-measurement.com,0
discord.gg,0
dnsowl.com,0
msedge.net,0
xiaomi.com,0
outlook.com,0
amazon.dev,0
amazonvideo.com,0
pki.goog,0
intuit.com,0
steamserver.net,0
adnxs.com,0
cloud.microsoft,0
msftncsi.com,0
app-analytics-services.com,0
one.one,0
nist.gov,0
spo-msedge.net,0
nih.gov,0
archive.org,0
applovin.com,0
rubiconproject.com,0
forms.gle,0
telekom.de,0
tumblr.com,0
trbcdn.net,0
miibeian.gov.cn,0
b-cdn.net,0
ggpht.com,0
kaspersky.com,0
registrar-servers.com,0
nytimes.com,0
tiktokcdn-us.com,0
paypal.com,0
cdn77.org,0
3gppnetwork.org,0
reg.ru,0
shopify.com,0
macromedia.com,0
userapi.com,0
pubmatic.com,0
msftconnecttest.com,0
aliyuncs.com,0
vecdnlb.com,0
flickr.com,0
aws.dev,0
cdn-apple.com,0
medium.com,0
discord.com,0
azurefd.net,0
health.mil,0
godaddy.com,0
adsrvr.org,0
adobe.io,0
lencr.org,0
adtrafficquality.google,0
miui.com,0
soundcloud.com,0
w3.org,0
cnn.com,0
taboola.com,0
nflxso.net,0
mts.ru,0
chatgpt.com,0
vungle.com,0
azurewebsites.net,0
theguardian.com,0
shifen.com,0
avast.com,0
salesforce.com,0
example.com,0
edgecdn.ru,0
doubleverify.com,0
casalemedia.com,0
forbes.com,0
creativecommons.org,0
mailinabox.email,0
inmobi.com,0
wsdvs.com,0
twitch.tv,0
telecid.ru,0
t.co,0
ozon.ru,0
wildberries.ru,0
azureedge.net,0
webex.com,0
theregister.co.uk,0
sourceforge.net,0
playstation.net,0
bbc.com,0
myfritz.net,0
demdex.net,0
mit.edu,0
aiv-cdn.net,0
oracle.com,0
sciencedirect.com,0
ubuntu.com,0
researchgate.net,0
cncdn.com,0
canva.com,0
ebay.com,0
cpanel.net,0
alibabadns.com,0
android.com,0
nominetdns.uk,0
mangosip.ru,0
roku.com,0
ttdns2.com,0
doi.org,0
jomodns.com,0
scorecardresearch.com,0
akamaized.net,0
ksyuncdn.com,0
rocket-cdn.com,0
imdb.com,0
cisco.com,0
adsafeprotected.com,0
dns.cn,0
youtube-nocookie.com,0
meraki.com,0
gmail.com,0
ttvnw.net,0
hubspot.com,0
a-msedge.net,0
comcast.net,0
yandex.com,0
wixsite.com,0
byteconnect.io,0
who.int,0
linktr.ee,0
openx.net,0
static.microsoft,0
nr-data.net,0
wyzecam.com,0
hp.com,0
omtrdc.net,0
cdngslb.com,0
mozilla.com,0
kwai-pro.com,0
launchpad.net,0
mi.com,0
media-amazon.com,0
hichina.com,0
booking.com,0
openai.com,0
stripe.com,0
appsflyer.com,0
tinyurl.com,0
samsungqbe.com,0
facebook.net,0
samsungcloud.com,0
wikimedia.org,0
dns-parking.com,0
weather.com,0
opendns.com,0
mtgglobals.com,0
moe.video,0
launchdarkly.com,0
oxylabs.io,0
ibm.com,0
drom.ru,0
alibaba.com,0
name-services.com,0
googleblog.com,0
ampproject.org,0
netflix.net,0
steampowered.com,0
harvard.edu,0
reuters.com,0
mzstatic.com,0
ea.com,0
media.net,0
shalltry.com,0
metoffice.gov.uk,0
3lift.com,0
ok.ru,0
jsdelivr.net,0
heytapmobile.com,0
wiley.com,0
dnsmadeeasy.com,0
dropcatch.com,0
php.net,0
tradingview.com,0
forter.com,0
kaspersky-labs.com,0
crashlytics.com,0
douyincdn.com,0
nature.com,0
issuu.com,0
vkuserphoto.ru,0
debian.org,0
adriver.ru,0
cloudflareinsights.com,0
go.com,0
springer.com,0
ivi.ru,0
capcutapi.com,0
fastly-edge.com,0
smartadserver.com,0
etsy.com,0
weebly.com,0
weibo.com,0
slack.com,0
alicdn.com,0
myshopify.com,0
ipv4only.arpa,0
mynetname.net,0
tiktokv.us,0
arubanetworks.com,0
autodesk.com,0
cdc.gov,0
washingtonpost.com,0
cookielaw.org,0
clarity.ms,0
akamaihd.net,0
inner-active.mobi,0
dell.com,0
alidns.com,0
bamgrid.com,0
naver.com,0
wsj.com,0
aliyun.com,0
allawnos.com,0
checkpoint.com,0
samsungcloudsolution.com,0
un.org,0
espn.com,0
att.net,0
dailymotion.com,0
whecloud.com,0
grammarly.com,0
bloomberg.com,0
xboxlive.com,0
bilibili.com,0
cornell.edu,0
heytapdl.com,0
huawei.com,0
slideshare.net,0
stanford.edu,0
tp-link.com,0
ibyteimg.com,0
vedsalb.com,0
cloudns.net,0
cmediahub.ru,0
aiv-delivery.net,0
wbx2.com,0
nvidia.com,0
mhverifier.ru,0
expireddomains.com,0
live-video.net,0
cdnbuild.net,0
kwaipros.com,0
easebar.com,0
myhuaweicloud.com,0
nstld.com,0
mikrotik.com,0
telegram.org,0
sc-gw.com,0
aliexpress.com,0
temu.com,0
amazonalexa.com,0
tiktokcdn-eu.com,0
id5-sync.com,0
unsplash.com,0
mercadopago.com.br,0
nasa.gov,0
ngenix.net,0
sharethrough.com,0
businessinsider.com,0
avsxappcaptiveportal.com,0
vkuser.net,0
indeed.com,0
ip-api.com,0
afternic.com,0
wp.com,0
imcmdb.net,0
2mdn.net,0
plesk.com,0
sfx.ms,0
globo.com,0
netangels.ru,0
163.com,0
wswebcdn.com,0
calendly.com,0
amazon.de,0
safebrowsing.apple,0
avcdn.net,0
pangle.io,0
bidswitch.net,0
duolingo.com,0
cdn20.com,0
nflxvideo.net,0
telegram.me,0
qlivecdn.com,0
taobao.com,0
byteoversea.net,0
steamcommunity.com,0
teamviewer.com,0
discord.media,0
gnu.org,0
firetvcaptiveportal.com,0
quora.com,0
pages.dev,0
pixabay.com,0
statista.com,0
gamepass.com,0
scdn.co,0
cookiedatabase.org,0
adobe.net,0
cnbc.com,0
goodreads.com,0
list-manage.com,0
online-metrix.net,0
addtoany.com,0
aol.com,0
eventbrite.com,0
b-msedge.net,0
hostgator.com,0
xcal.tv,0
crpt.ru,0
npr.org,0
gitlab.com,0
nflximg.com,0
line.me,0
kwai.net,0
sberbank.ru,0
infoseek.co.jp,0
speedtest.net,0
ezvizlife.com,0
behance.net,0
walmart.com,0
deepintent.com,0
indiatimes.com,0
mediatek.com,0
name.com,0
rzone.de,0
supercell.com,0
ietf.org,0
g.page,0
giphy.com,0
namebrightdns.com,0
foxnews.com,0
gosuslugi.ru,0
imgsmail.ru,0
google.de,0
hcaptcha.com,0
mcafee.com,0
stackoverflow.com,0
myqcloud.com,0
dnspod.net,0
amplitude.com,0
wired.com,0
zendesk.com,0
amzn.to,0
browser-intake-datadoghq.com,0
mysql.com,0
tiktokv.eu,0
notamedia.ru,0
duckduckgo.com,0
trustpilot.com,0
cdnvideo.ru,0
elasticbeanstalk.com,0
firefox.com,0
msidentity.com,0
scribd.com,0
uber.com,0
icloud-content.com,0
google.com.hk,0
blogger.com,0
tm-azurefd.net,0
worldnic.com,0
360yield.com,0
my.com,0
shein.com,0
s-msedge.net,0
eset.com,0
time.com,0
vivoglobal.com,0
run.app,0
visualstudio.com,0
ft.com,0
tbcache.com,0
stbid.ru,0
consultant.ru,0
ys7.com,0
rutube.ru,0
t-online.de,0
sohu.com,0
china.com.cn,0
tencent-cloud.net,0
wb.ru,0
usatoday.com,0
paloaltonetworks.com,0
gcdn.co,0
thinkific.com,0
latinashosting.com,1
londonairportstransfer.co.uk,1
planmenpunval.floresixia.cfd,1
crobel3.floresagapanto.cfd,1
scrowinnal.floresflorestrela.cfd,1
presinfer.florescrinum.cfd,1
euob.youstarsbuilding.com,1
codeload.github.com,1
tiwanlinm.duckdns.org,1
microsoft-telemetry.at,1
microsoft-telemetry.cc,1
ip66-179-93-123.pbiaas.com,1
ddd0.org,1
filezilla.cc,1
hostphpwindowsapps.ydns.eu,1
royalindiancurryclub.com,1
adobehelp.net,1
blueoranges2025sks.de,1
vps2615877.fastwebserver.de,1
cnc.504.su,1
storage.googleapis.com,1
hotelsep.blogspot.com,1
kpq.at,1
6yd.ru,1
109-111-55-221.rev.as216075.net,1
backupallfresh2030.com,1
pegasustour.ru,1
onfiltre.com.tr,1
teacoffeepremix.in,1
uniform-factory.ae,1
draft22.redirectme.net,1
media.githubusercontent.com,1
upsinfo2025.com,1
sffacoglobal.com,1
zhigao5191.com,1
mastertv.mx,1
zycdjz.com,1
paololucchesi.it,1
pizzabyte.com.au,1
netrip.ddns.net,1
srv892825.hstgr.cloud,1
fvia.id.vn,1
fakers.co.jp,1
joyeriatauro.com,1
acaviationsupplies.com,1
pastebin.com,1
topquangcaohieuqua.vip,1
reg.ntcccz.com,1
bvaco.com,1
cardflix.co,1
static.youdm.cn,1
teslasuit.to,1
xupertvapps.com,1
valfanto.com,1
buckscountytaxattorney.com,1
cricfy.net,1
adver.com.br,1
xyfsd.com,1
id3basketball.com,1
cdn.gomlab.com,1
lon-01.dlo4d.com,1
mobimpex.ro,1
en.taichuan.com,1
injectroblox.ru,1
s3.amazonaws.com,1
remotesupport.swt-online.de,1
save.jnrsmcu.com,1
xdcq3.com,1
pvsa.gxfugy.cn,1
files.5modapk.com,1
make.mydaymakemyday.info,1
ndown2.ra2ol.com,1
sabungkingbet189.com,1
185-55-196-13.cprapid.com,1
libwaresourcewsd.com,1
upaicdn.xinmei365.com,1
launcher1.muonliness6.com,1
dl.ijinshan.com,1
cloudstay168.com,1
avbackup.acionline.de,1
dowonline.ru,1
cloudbuild.splashtop.com,1
download2.huduntech.com,1
clystracapfin.com,1
localtonet.com,1
d.wanyouxi7.com,1
bbb.xfrwu.cn,1
server.toeicswt.co.kr,1
online-gebuehrenzaehler.de,1
landonirwin.com,1
modulowinapp.com,1
newkintall.com,1
prepstarcenter.com,1
upchemicals.co.in,1
hwgeneralins.com,1
app.appzcvb.com,1
help.vreugdonline.nl,1
gutando.com,1
c0e5b87c.solaraweb-alj.pages.dev,1
keea.or.kr,1
wwtalk.cyou,1
at0micwallets.com,1
bombayonline.in,1
simbhaolisugars.in,1
goboadvertising.autodealertech.co,1
playtown.co.za,1
rheddh.com,1
dl.360safe.com,1
la-pan-adventures.com,1
refrigeracion.delmondexpress.com,1
techauto.net,1
clubdetiroelpicarcho.com,1
theoremaoliveoil.com,1
dl.2345.com,1
notbak.com,1
sigdalokanolkas.com,1
asdad.florpeter.xyz,1
jozefinskiatelje.si,1
sfa.com.ar,1
nelees.com,1
ldplaycn.com,1
clipaid.app,1
warkopshopfb138.cc,1
kalyanmatka.world,1
tajalrayhan.com,1
access.dragongolf.com,1
filerit.com,1
pub-cdd0dd27ae6a4aee9841d397e0496374.r2.dev,1
khoancatbetong89.vn,1
devilnet.xyz,1
globaltechbilling.com,1
tehnomag.rs,1
tapestryoftruth.com,1
sgeseducation.com,1
serasoo.direct.quickconnect.to,1
ip.nebulabin.pl,1
skillnorequired.cc,1
apn-87-251-249-41.static.gprs.plus.pl,1
132.red-81-42-249.staticip.rima-tde.net,1
sites.google.com,1
csk.vietnamddns.com,1
cdn.jsdelivr.net,1
js-storage.com,1
darkside.cy,1
cpe90-146-57-238.liwest.at,1
hotelembuguacu.blob.core.windows.net,1
mobshah.com,1
fnvimoyvwkbxbmczlqus.supabase.co,1
def163.keenetic.pro,1
intelligradeeducation.vicentecisnerospub.com,1
download.haozip.com,1
94fae730-597f-4442-813c-86263972a8f0.usrfiles.com,1
setupeurope.eu,1
changemyseat.com,1
riseonid.com,1
od.lk,1
pinaview.com,1
amyuni.com,1
tengfeidn.cn,1
pcupd.com,1
rdm.91yunma.cn,1
topmedsolution.com,1
visualwikicloud.com,1
electri.billregulator.com,1
file.uhsea.com,1
scanwellhaulage.com,1
uploadtree.com,1
sec.xiaoshabi.nl,1
access.skaparade.com,1
checkfivem.com,1
blaiz.me,1
googletagamnager.com,1
isiore.com.co,1
ucarecdn.com,1
www2.0zz0.com,1
dansorium.gr,1
bafybeidvf6tytrspkd4wnvxzs23m3kjr6bfvgszbfwybmmcosl4rrhvuo4.ipfs.dweb.link,1
investtrad.com,1
iiiconstruction.net,1
lomejordesalamanca.es,1
hotellacastellana.com.uy,1
intelligentopennetworkingawards.com,1
checkinetverifk.com,1
vuelaviajero.com,1
talentrecruitments.com,1
mundocarnes.cl,1
dlied6.bytes.tcdnos.com,1
xemhang.vn,1
123.ywxww.net,1
cegelecinfo.fr,1
download.pdf00.com,1
r-tt.com,1
acc.jiangsujiaxue.com,1
messias.org.br,1
classroomseven.com,1
xai830k.com,1
celebratingseniors.net,1
maidforyou1985.com,1
windomstatetheater.com,1
jakestrack.com,1
khavar.com,1
cdn.glitch.global,1
planetariumobil.ro,1
update.aegis.aliyun.com,1
silver-hubdachwohnwagen.de,1
bitbucket.org,1
stonecradle.com,1
glaustralia.com,1
flybirdexpbd.com,1
public.demo.securecloudsandbox.com,1
update.volam2005pk.com,1
thtp2.volamngayxua.net,1
ny.lshdw.cc,1
namuvpn.com,1
jxhuyhoang.com,1
openaigrok.com,1
icoffeecloud.com,1
innaflux.com,1
mogimall.com,1
99194034-96-20180108171507.webstarterz.com,1
salonmarketing.ca,1
ss-01.com,1
c9791c08-f1e4-4402-9510-d04c13c50ea3.selstorage.ru,1
d3cciiowg5l3jx.cloudfront.net,1
noithaticon.vn,1
blackhattoolz.com,1
o24o.ru,1
neirong.funshion.com,1
fz.tiansys.cn,1
life-captcha.com,1
onyxprotectech.de,1
onyxguardwave.de,1
onyxshieldcore.de,1
onyxcryptorix.de,1
onyxarmorcrypt.de,1
onyxguardify.de,1
onyxcyberedge.de,1
backupso.com,1
onyxironvault.de,1
onyxphantomlock.de,1
ofice365.github.io,1
onyxfortitech.de,1
masgrave.com,1
automobile-bk.de,1
luuk-lifestyle.eu,1
support-data.com,1
onyxsafetrack.de,1
onyxstealthnet.de,1
onyxfortifypro.de,1
onyxnexguard.de,1
onyxsentinelx.de,1
onyxsafecrypt.de,1
onyxsecuregate.de,1
onyxcyberapex.de,1
blackhost.xyz,1
galerisenimutiara.com,1
gobiotechpestcontrol.com,1
img1.wsimg.com,1
forspeed.onlinedown.net,1
blessdayservices.org,1
cambodiatouristservice.com,1
admin.gestroom.it,1
test.peperoncinochepassione.it,1
first-security-verden.de,1
zamilgroups.com,1
bmdcompany.com,1
page-yoda.blog,1
book.rollingvideogames.com,1
cdn-10049480.file.myqcloud.com,1
parmisbuilding.com,1
zhengxinpeixun.oss-cn-qingdao.aliyuncs.com,1
99-118-215-24.lightspeed.irvnca.sbcglobal.net,1
host-95-255-114-11.business.telecomitalia.it,1
tests.yjzj.org,1
hobobot.net,1
test.aionclassic.pro,1
m-global.hksty.net,1
support.clz.kr,1
qlqd5zqefmkcr34a.onion.sh,1
mandarin.net.au,1
tdejb.com,1
astenterprises.com.pk,1
proship.ae,1
res.cloudinary.com,1
windriversfiles.imeitools.com,1
device.redirec.com,1
quanlyphongnet.com,1
gitee.com,1
update.cg100iii.com,1
hhbs.hhu.edu.cn,1
reifenquick.de,1
m.bal-stroi.ru,1
down.ruanmei.com,1
chinaapper.com,1
ojang.pe.kr,1
xn--yh4bx88a.com,1
cdn.pixelbin.io,1
drgenov.com,1
divvanews.com,1
treinamento.convenio.to.gov.br,1
zhikey.com,1
d.kpzip.com,1
wz.3911.com,1
dcwblida.dz,1
disk.accord1key.cn,1
telegramcn.co,1
shqdown.ggzuhao.com,1
xn--on3b15m2lco2u.com,1
cd.textfiles.com,1
main.dsn.ovh,1
qiniuyunxz.yxflzs.com,1
microsoft-analyse.com,1
data.yhydl.com,1
elisans.novayonetim.com,1
file.edunet.ac,1
hnjgdl.geps.glodon.com,1
dl.natgo.cn,1
pid.fly160.com,1
coach.028csc.com,1
win.down.55kantu.com,1
download.suxiazai.com,1
crystalpvp.ru,1
evangroup.ru,1
down.fwqlt.com,1
tecunonline.com,1
youtransfer.net,1
epanpano.com,1
hi.admini.website,1
cippe.com.cn,1
cdn.ly.9377.com,1
cs.go.kg,1
temirtau-adm.ru,1
file.blackint3.com,1
web.archive.org,1
225c2cd6-cbd3-4ac2-8464-cc7686273c9c.random.tsrv1.ws,1
oys0ro.static.otenet.gr,1
down.ftp21.cc,1
78-20-115-5.access.telenet.be,1
softbank126023203236.bbtec.net,1
karoonpc.com,1
reusable-flex.com,1
ramirex.ro,1
sendspace.com,1
zenglobalenerji.com,1
static.zongheng.com,1
dl.aginjector.com,1
antvietnam.com,1
yahyacarpet.com,1
websitedesigningindia.biz,1
metrics.gocloudmaps.com,1
f24-zfcloud.zdn.vn,1
adclick.g.doubleclick.net,1
catbaparadisehotel.com.vn,1
hitman-pro.ru,1
computersupportexperts.com,1
best.obs.cn-sz1.ctyun.cn,1
delp-heizungsbau.de,1
muzzumilruheel.com,1
spst.hqup.in,1
ircftp.net,1
svirtual.sanviatorperu.edu.pe,1
stdown.dinju.com,1
resourceedge.org,1
safewatertech.com,1
lmlawcorp.com,1
uoalhuda.edu.iq,1
jawaratekno.com,1
shaderm.com,1
gabyagozetim.com,1
riderspin.com,1
admin.byte.in.ua,1
records.dennisign.se,1
donkeytourscroatia.com,1
cfu.twr.mybluehost.me,1
derekludlow.com,1
bracell.latitude.net.br,1
embedone.com,1
nusatoyota.co.id,1
spoar.org.in,1
fromthetrenchesworldreport.com,1
fullstacknir.com,1
ramactools.net,1
1717.1000uc.com,1
mersped.mycpanel.rs,1
usaayurveda.com,1
pns.org.pk,1
farschid.de,1
trtmyanmar.com,1
dreamwatchevent.com,1
rxquickpay.com,1
acms.saleseos.com,1
theholidayroads.com,1
crazywickedaddiction.com,1
continentalgroup.net.in,1
forms.saurashtrauniversity.edu,1
xenon.studio,1
reauthenticator.com,1
kramersmarionnettes.com,1
apple-service93.ru,1
ukguk71.ru,1
chat-server.maverickpreviews.com,1
shop.mediasova.ru,1
onedrive.live.com,1
kimyen.net,1
duratechsol.com,1
teknoarge.com,1
easybrand.vn,1
kutegiagoc.com,1
allendostmen.com,1
saf-oil.ru,1
cutting-edge.in,1
jyothishmathi.in,1
visam.info,1
softdl2.360tpcdn.com,1
attach.mail.daum.net,1
cfs5.tistory.com,1
dl.packetstormsecurity.net,1
abissnet.net,1
ncxps.com,1
xuezha.net,1
gordon-and-son.com,1
soft.110route.com,1
jkshaonv.com,1
chuguadventures.co.tz,1
yongtai.cn,1
dweixin.cn,1
lindnerelektroanlagen.de,1
hitstation.nl,1
support.viewpoint.fr,1
xn--b1afiqif6c.xn--p1ai,1
softcatalog.ru,1
vincentdemiero.com,1
111101111.ru,1
zapchast-gazkotel.ru,1
xyffqh.com,1
supercleanspb.ru,1
owlcity.ru,1
dezcom.com,1
oknoplastik.sk,1
tfortytimes.com,1
cdn.xiaoduoai.com,1
rbcfort.com,1
src1.minibai.com,1
download.pdf00.cn,1
konsor.ru,1
download.kaobeitu.com,1
files.constantcontact.com,1
opolis.io,1
old.bullydog.com,1
cc9.ne.jp,1
hseda.com,1
starcountry.net,1
dl.dzqzd.com,1
nerve.untergrund.net,1
chiptune.com,1
itcomsrv.kz,1
goto.stnts.com,1
dl.1003b.56a.com,1
redlk.com,1
sk-comtel.com,1
brightworks.cz,1
solutelco.com,1
writerartist.com,1
allister.ee,1
flyingmutts.com,1
programandojuntos.us.tempcloudsite.com,1
teknotown.com,1
local-update.com,1
mitreart.com,1
dl.asis.io,1
update.bruss.org.ru,1
energy63.ru,1
augsburg-auto.com,1
static.topxgun.com,1
dusttv.com,1
grikom.info,1
cdn.file6.goodid.com,1
down.pcclear.com,1
onlinetanecni.cz,1
airlife.bget.ru,1
haeum.nfile.net,1
pobedastaff.ru,1
sg123.net,1
igra123.com,1
down.54nb.com,1
static.ilclock.com,1
blogs.sokun.jp,1
atkcgnew.evgeni7e.beget.tech,1
advustech.com,1
myvcart.com,1
sdvgpro.ru,1
mixturro.com,1
softdl4.360.cn,1
download.doumaibiji.cn,1
hostingcloud.science,1
aulist.com,1
ardguisser.com,1
veryboys.com,1
okhan.net,1
static.3001.net,1
artscreenstudio.ru,1
itssprout.com,1
p3.zbjimg.com,1
users.atw.hu,1
uralmetalloprokat.ru,1
udobrit.ru,1
vagler.ru,1
pay.aqiu6.com,1
kamin-premium.ru,1
robertrowe.com,1
hasalltalent.com,1
vgd.vg,1
merctransfers.gradycares.com,1
ct3-24.ru,1
bankgarantia.ru,1
xn--90abegbttpjb3bzb2j.xn--p1ai,1
asl-company.ru,1
kuzina-teatr.ru,1
crimefreesoftware.com,1
